word,link
Q,https://www.dictionary.com/browse/q
QA,https://www.dictionary.com/browse/qa
qabalah,https://www.dictionary.com/browse/qabalah
Qabis,https://www.dictionary.com/browse/qabis
Qaboos bin Said,https://www.dictionary.com/browse/qaboos-bin-said
Qadarite,https://www.dictionary.com/browse/qadarite
Qadariyah,https://www.dictionary.com/browse/qadariyah
Qaddafi,https://www.dictionary.com/browse/qaddafi
"Qaddafi, Muammar",https://www.dictionary.com/browse/qaddafi--muammar
Qaddish,https://www.dictionary.com/browse/qaddish
Qadhafi,https://www.dictionary.com/browse/qadhafi
qadi,https://www.dictionary.com/browse/qadi
Qadianis,https://www.dictionary.com/browse/qadianis
Qadiriyah,https://www.dictionary.com/browse/qadiriyah
qāf,https://www.dictionary.com/browse/qaf
Qahar,https://www.dictionary.com/browse/qahar
Qairwan,https://www.dictionary.com/browse/qairwan
qalandar,https://www.dictionary.com/browse/qalandar
Q and A,https://www.dictionary.com/browse/q-and-a
QANTAS,https://www.dictionary.com/browse/qantas
Qaraghandy,https://www.dictionary.com/browse/qaraghandy
QARANC,https://www.dictionary.com/browse/qaranc
qasida,https://www.dictionary.com/browse/qasida
qat,https://www.dictionary.com/browse/qat
Qatar,https://www.dictionary.com/browse/qatar
Qatari,https://www.dictionary.com/browse/qatari
Qattara Depression,https://www.dictionary.com/browse/qattara-depression
qawwali,https://www.dictionary.com/browse/qawwali
Qazvin,https://www.dictionary.com/browse/qazvin
QB,https://www.dictionary.com/browse/qb
Q-banding stain,https://www.dictionary.com/browse/q-banding-stain
QBP,https://www.dictionary.com/browse/qbp
Q.C.,https://www.dictionary.com/browse/qc
QCA,https://www.dictionary.com/browse/qca
QCD,https://www.dictionary.com/browse/qcd
Q-Celtic,https://www.dictionary.com/browse/q-celtic
Q clearance,https://www.dictionary.com/browse/q-clearance
q.d.,https://www.dictionary.com/browse/q-d
QE,https://www.dictionary.com/browse/qe
QED,https://www.dictionary.com/browse/qed
Q.E.F.,https://www.dictionary.com/browse/qef
Qeshm,https://www.dictionary.com/browse/qeshm
Q.F.,https://www.dictionary.com/browse/qf
Q-factor,https://www.dictionary.com/browse/q-factor
QFD,https://www.dictionary.com/browse/qfd
Q fever,https://www.dictionary.com/browse/q-fever
q.h.,https://www.dictionary.com/browse/q-h
qi,https://www.dictionary.com/browse/qi
Qiana,https://www.dictionary.com/browse/qiana
Qian Long,https://www.dictionary.com/browse/qian-long
qibla,https://www.dictionary.com/browse/qibla
q.i.d.,https://www.dictionary.com/browse/q-i-d
Qigong,https://www.dictionary.com/browse/qigong
Qilian Shan,https://www.dictionary.com/browse/qilian-shan
qindar,https://www.dictionary.com/browse/qindar
Qingdao,https://www.dictionary.com/browse/qingdao
Qing Hai,https://www.dictionary.com/browse/qing-hai
Qinhuangdao,https://www.dictionary.com/browse/qinhuangdao
Qin Shi Huang Di,https://www.dictionary.com/browse/qin-shi-huang-di
qintar,https://www.dictionary.com/browse/qintar
Qiongshan,https://www.dictionary.com/browse/qiongshan
Qiqihar,https://www.dictionary.com/browse/qiqihar
qirsh,https://www.dictionary.com/browse/qirsh
Qishm,https://www.dictionary.com/browse/qishm
qiviut,https://www.dictionary.com/browse/qiviut
qiyas,https://www.dictionary.com/browse/qiyas
QKt,https://www.dictionary.com/browse/qkt
QKtP,https://www.dictionary.com/browse/qktp
ql.,https://www.dictionary.com/browse/ql
Qld,https://www.dictionary.com/browse/qld
qlty.,https://www.dictionary.com/browse/qlty
QM,https://www.dictionary.com/browse/qm
QMC,https://www.dictionary.com/browse/qmc
Q-methodology,https://www.dictionary.com/browse/q-methodology
QMG,https://www.dictionary.com/browse/qmg
QMS,https://www.dictionary.com/browse/qms
QMV,https://www.dictionary.com/browse/qmv
QN,https://www.dictionary.com/browse/qn
QNP,https://www.dictionary.com/browse/qnp
Qom,https://www.dictionary.com/browse/qom
Qomolangma,https://www.dictionary.com/browse/qomolangma
qoph,https://www.dictionary.com/browse/qoph
qorma,https://www.dictionary.com/browse/qorma
QP,https://www.dictionary.com/browse/qp
qq.,https://www.dictionary.com/browse/qq-
qq. hor.,https://www.dictionary.com/browse/qq--hor-
QR,https://www.dictionary.com/browse/qr
Q-ratio,https://www.dictionary.com/browse/q-ratio
QR code,https://www.dictionary.com/browse/qr-code
QRP,https://www.dictionary.com/browse/qrp
QRS complex,https://www.dictionary.com/browse/qrs-complex
q.s.,https://www.dictionary.com/browse/qs
Q-ship,https://www.dictionary.com/browse/q-ship
QSM,https://www.dictionary.com/browse/qsm
QSO,https://www.dictionary.com/browse/qso
Q-sort,https://www.dictionary.com/browse/q-sort
QSS,https://www.dictionary.com/browse/qss
qt.,https://www.dictionary.com/browse/qt
Q-T interval,https://www.dictionary.com/browse/q-t-interval
Q-Tip,https://www.dictionary.com/browse/q-tip
qtly.,https://www.dictionary.com/browse/qtly
qto.,https://www.dictionary.com/browse/qto
qtr.,https://www.dictionary.com/browse/qtr
QTS,https://www.dictionary.com/browse/qts
qty.,https://www.dictionary.com/browse/qty
qu.,https://www.dictionary.com/browse/qu
qua,https://www.dictionary.com/browse/qua
Quaalude,https://www.dictionary.com/browse/quaalude
quack,https://www.dictionary.com/browse/quack
quackery,https://www.dictionary.com/browse/quackery
quack grass,https://www.dictionary.com/browse/quack-grass
quacksalver,https://www.dictionary.com/browse/quacksalver
Quaco,https://www.dictionary.com/browse/quaco
quad,https://www.dictionary.com/browse/quad
quad-band,https://www.dictionary.com/browse/quad-band
quad bike,https://www.dictionary.com/browse/quad-bike
Quad Cities,https://www.dictionary.com/browse/quad-cities
quadcopter,https://www.dictionary.com/browse/quadcopter
quad left,https://www.dictionary.com/browse/quad-left
quadplay,https://www.dictionary.com/browse/quadplay
quadplex,https://www.dictionary.com/browse/quadplex
quadr-,https://www.dictionary.com/browse/quadr-
quadra,https://www.dictionary.com/browse/quadra
quadragenarian,https://www.dictionary.com/browse/quadragenarian
Quadragesima,https://www.dictionary.com/browse/quadragesima
Quadragesimal,https://www.dictionary.com/browse/quadragesimal
quadrangle,https://www.dictionary.com/browse/quadrangle
quadrangular,https://www.dictionary.com/browse/quadrangular
quadrans,https://www.dictionary.com/browse/quadrans
quadrant,https://www.dictionary.com/browse/quadrant
quadrantal corrector,https://www.dictionary.com/browse/quadrantal-corrector
quadrantic hemianopsia,https://www.dictionary.com/browse/quadrantic-hemianopsia
Quadrantid,https://www.dictionary.com/browse/quadrantid
Quadrantids,https://www.dictionary.com/browse/quadrantids
quadraphonic,https://www.dictionary.com/browse/quadraphonic
quadraphonics,https://www.dictionary.com/browse/quadraphonics
quadraphony,https://www.dictionary.com/browse/quadraphony
quadrat,https://www.dictionary.com/browse/quadrat
quadrate,https://www.dictionary.com/browse/quadrate
quadrate foramen,https://www.dictionary.com/browse/quadrate-foramen
quadrate lobe,https://www.dictionary.com/browse/quadrate-lobe
quadrate muscle of loins,https://www.dictionary.com/browse/quadrate-muscle-of-loins
quadrate muscle of sole,https://www.dictionary.com/browse/quadrate-muscle-of-sole
quadrate muscle of thigh,https://www.dictionary.com/browse/quadrate-muscle-of-thigh
quadrate muscle of upper lip,https://www.dictionary.com/browse/quadrate-muscle-of-upper-lip
quadrate pronator muscle,https://www.dictionary.com/browse/quadrate-pronator-muscle
quadratic,https://www.dictionary.com/browse/quadratic
quadratic equation,https://www.dictionary.com/browse/quadratic-equation
quadratic form,https://www.dictionary.com/browse/quadratic-form
quadratic formula,https://www.dictionary.com/browse/quadratic-formula
quadratic residue,https://www.dictionary.com/browse/quadratic-residue
quadratics,https://www.dictionary.com/browse/quadratics
quadrature,https://www.dictionary.com/browse/quadrature
quadrature of the circle,https://www.dictionary.com/browse/quadrature-of-the-circle
quadrel,https://www.dictionary.com/browse/quadrel
quadrella,https://www.dictionary.com/browse/quadrella
quadrennial,https://www.dictionary.com/browse/quadrennial
quadrennium,https://www.dictionary.com/browse/quadrennium
quadri-,https://www.dictionary.com/browse/quadri-
quadriad,https://www.dictionary.com/browse/quadriad
quadribasic,https://www.dictionary.com/browse/quadribasic
quadric,https://www.dictionary.com/browse/quadric
quadricentenary,https://www.dictionary.com/browse/quadricentenary
quadricentennial,https://www.dictionary.com/browse/quadricentennial
quadricep,https://www.dictionary.com/browse/quadricep
quadriceps,https://www.dictionary.com/browse/quadriceps
quadriceps muscle of thigh,https://www.dictionary.com/browse/quadriceps-muscle-of-thigh
quadriceps reflex,https://www.dictionary.com/browse/quadriceps-reflex
quadric surface,https://www.dictionary.com/browse/quadric-surface
quadricycle,https://www.dictionary.com/browse/quadricycle
quadriennial,https://www.dictionary.com/browse/quadriennial
quadriennium,https://www.dictionary.com/browse/quadriennium
quadrifid,https://www.dictionary.com/browse/quadrifid
quadriga,https://www.dictionary.com/browse/quadriga
quadrigatus,https://www.dictionary.com/browse/quadrigatus
quadrigeminal,https://www.dictionary.com/browse/quadrigeminal
quadrigeminal body,https://www.dictionary.com/browse/quadrigeminal-body
quadrigeminal rhythm,https://www.dictionary.com/browse/quadrigeminal-rhythm
quadrigeminum,https://www.dictionary.com/browse/quadrigeminum
quad right,https://www.dictionary.com/browse/quad-right
quadrilateral,https://www.dictionary.com/browse/quadrilateral
quadrilingual,https://www.dictionary.com/browse/quadrilingual
quadriliteral,https://www.dictionary.com/browse/quadriliteral
quadrille,https://www.dictionary.com/browse/quadrille
quadrillion,https://www.dictionary.com/browse/quadrillion
quadrinomial,https://www.dictionary.com/browse/quadrinomial
quadriparesis,https://www.dictionary.com/browse/quadriparesis
quadripartite,https://www.dictionary.com/browse/quadripartite
quadripedal extensor reflex,https://www.dictionary.com/browse/quadripedal-extensor-reflex
quadriphonics,https://www.dictionary.com/browse/quadriphonics
quadriplegia,https://www.dictionary.com/browse/quadriplegia
quadriplegic,https://www.dictionary.com/browse/quadriplegic
quadripole,https://www.dictionary.com/browse/quadripole
quadrireme,https://www.dictionary.com/browse/quadrireme
quadrisect,https://www.dictionary.com/browse/quadrisect
quadrisyllable,https://www.dictionary.com/browse/quadrisyllable
quadrivalent,https://www.dictionary.com/browse/quadrivalent
quadrivial,https://www.dictionary.com/browse/quadrivial
quadrivium,https://www.dictionary.com/browse/quadrivium
quadrominium,https://www.dictionary.com/browse/quadrominium
quadroon,https://www.dictionary.com/browse/quadroon
quadrophonics,https://www.dictionary.com/browse/quadrophonics
quadru-,https://www.dictionary.com/browse/quadru-
quadrumane,https://www.dictionary.com/browse/quadrumane
quadrumanous,https://www.dictionary.com/browse/quadrumanous
quadrumvir,https://www.dictionary.com/browse/quadrumvir
quadrumvirate,https://www.dictionary.com/browse/quadrumvirate
quadruped,https://www.dictionary.com/browse/quadruped
quadruple,https://www.dictionary.com/browse/quadruple
quadruple run,https://www.dictionary.com/browse/quadruple-run
quadruplet,https://www.dictionary.com/browse/quadruplet
quadruple time,https://www.dictionary.com/browse/quadruple-time
quadruplex,https://www.dictionary.com/browse/quadruplex
quadruplicate,https://www.dictionary.com/browse/quadruplicate
quadruplicity,https://www.dictionary.com/browse/quadruplicity
quadrupole,https://www.dictionary.com/browse/quadrupole
quads,https://www.dictionary.com/browse/quads
quaere,https://www.dictionary.com/browse/quaere
quaestor,https://www.dictionary.com/browse/quaestor
quaff,https://www.dictionary.com/browse/quaff
quag,https://www.dictionary.com/browse/quag
quagga,https://www.dictionary.com/browse/quagga
quaggy,https://www.dictionary.com/browse/quaggy
quagmire,https://www.dictionary.com/browse/quagmire
quahog,https://www.dictionary.com/browse/quahog
quaich,https://www.dictionary.com/browse/quaich
Quai d'Orsay,https://www.dictionary.com/browse/quai-d-orsay
quail,https://www.dictionary.com/browse/quail
quail-brush,https://www.dictionary.com/browse/quail-brush
quail clock,https://www.dictionary.com/browse/quail-clock
quail dove,https://www.dictionary.com/browse/quail-dove
quaint,https://www.dictionary.com/browse/quaint
quair,https://www.dictionary.com/browse/quair
quake,https://www.dictionary.com/browse/quake
quake in one's boots,https://www.dictionary.com/browse/quake-in-one-s-boots
quakeproof,https://www.dictionary.com/browse/quakeproof
Quaker,https://www.dictionary.com/browse/quaker
Quakeress,https://www.dictionary.com/browse/quakeress
Quaker gun,https://www.dictionary.com/browse/quaker-gun
Quakerism,https://www.dictionary.com/browse/quakerism
Quaker-ladies,https://www.dictionary.com/browse/quaker-ladies
Quakerly,https://www.dictionary.com/browse/quakerly
Quaker meeting,https://www.dictionary.com/browse/quaker-meeting
quaking,https://www.dictionary.com/browse/quaking
quaking bog,https://www.dictionary.com/browse/quaking-bog
quaking grass,https://www.dictionary.com/browse/quaking-grass
quaky,https://www.dictionary.com/browse/quaky
quale,https://www.dictionary.com/browse/quale
qualifiable,https://www.dictionary.com/browse/qualifiable
qualification,https://www.dictionary.com/browse/qualification
qualificator,https://www.dictionary.com/browse/qualificator
qualified,https://www.dictionary.com/browse/qualified
Qualified Majority Voting,https://www.dictionary.com/browse/qualified-majority-voting
qualifier,https://www.dictionary.com/browse/qualifier
qualify,https://www.dictionary.com/browse/qualify
qualitative,https://www.dictionary.com/browse/qualitative
qualitative analysis,https://www.dictionary.com/browse/qualitative-analysis
qualitative identity,https://www.dictionary.com/browse/qualitative-identity
qualities,https://www.dictionary.com/browse/qualities
quality,https://www.dictionary.com/browse/quality
quality assurance,https://www.dictionary.com/browse/quality-assurance
quality-assure,https://www.dictionary.com/browse/quality-assure
quality circle,https://www.dictionary.com/browse/quality-circle
quality control,https://www.dictionary.com/browse/quality-control
quality factor,https://www.dictionary.com/browse/quality-factor
quality-of-life,https://www.dictionary.com/browse/quality-of-life
quality point,https://www.dictionary.com/browse/quality-point
quality point average,https://www.dictionary.com/browse/quality-point-average
quality time,https://www.dictionary.com/browse/quality-time
qualm,https://www.dictionary.com/browse/qualm
qualmish,https://www.dictionary.com/browse/qualmish
quamash,https://www.dictionary.com/browse/quamash
Quamin,https://www.dictionary.com/browse/quamin
quamish,https://www.dictionary.com/browse/quamish
Quanah,https://www.dictionary.com/browse/quanah
quandary,https://www.dictionary.com/browse/quandary
Quandary Peak,https://www.dictionary.com/browse/quandary-peak
quandong,https://www.dictionary.com/browse/quandong
quango,https://www.dictionary.com/browse/quango
quangocracy,https://www.dictionary.com/browse/quangocracy
quant,https://www.dictionary.com/browse/quant
quanta,https://www.dictionary.com/browse/quanta
quantal,https://www.dictionary.com/browse/quantal
quantasome,https://www.dictionary.com/browse/quantasome
quantic,https://www.dictionary.com/browse/quantic
Quantico,https://www.dictionary.com/browse/quantico
quantifiable,https://www.dictionary.com/browse/quantifiable
quantifier,https://www.dictionary.com/browse/quantifier
quantify,https://www.dictionary.com/browse/quantify
quantile,https://www.dictionary.com/browse/quantile
quantitate,https://www.dictionary.com/browse/quantitate
quantitative,https://www.dictionary.com/browse/quantitative
quantitative analysis,https://www.dictionary.com/browse/quantitative-analysis
quantitative character,https://www.dictionary.com/browse/quantitative-character
quantitative easing,https://www.dictionary.com/browse/quantitative-easing
quantitative genetics,https://www.dictionary.com/browse/quantitative-genetics
quantitative inheritance,https://www.dictionary.com/browse/quantitative-inheritance
quantitative trait,https://www.dictionary.com/browse/quantitative-trait
quantity,https://www.dictionary.com/browse/quantity
quantity surveyor,https://www.dictionary.com/browse/quantity-surveyor
quantity theory,https://www.dictionary.com/browse/quantity-theory
quantize,https://www.dictionary.com/browse/quantize
quantometer,https://www.dictionary.com/browse/quantometer
quantong,https://www.dictionary.com/browse/quantong
Quantrill,https://www.dictionary.com/browse/quantrill
quantum,https://www.dictionary.com/browse/quantum
quantum bit,https://www.dictionary.com/browse/quantum-bit
quantum chemistry,https://www.dictionary.com/browse/quantum-chemistry
quantum chromodynamics,https://www.dictionary.com/browse/quantum-chromodynamics
quantum computer,https://www.dictionary.com/browse/quantum-computer
quantum cryptography,https://www.dictionary.com/browse/quantum-cryptography
quantum efficiency,https://www.dictionary.com/browse/quantum-efficiency
quantum electrodynamics,https://www.dictionary.com/browse/quantum-electrodynamics
quantum electronics,https://www.dictionary.com/browse/quantum-electronics
quantum field theory,https://www.dictionary.com/browse/quantum-field-theory
quantum flavourdynamics,https://www.dictionary.com/browse/quantum-flavourdynamics
quantum gravity,https://www.dictionary.com/browse/quantum-gravity
quantum jump,https://www.dictionary.com/browse/quantum-jump
quantum leap,https://www.dictionary.com/browse/quantum--leap
quantum mechanics,https://www.dictionary.com/browse/quantum-mechanics
quantum meruit,https://www.dictionary.com/browse/quantum-meruit
quantum number,https://www.dictionary.com/browse/quantum-number
quantum optics,https://www.dictionary.com/browse/quantum-optics
quantum physics,https://www.dictionary.com/browse/quantum-physics
quantum state,https://www.dictionary.com/browse/quantum-state
quantum statistics,https://www.dictionary.com/browse/quantum-statistics
quantum sufficit,https://www.dictionary.com/browse/quantum-sufficit
quantum system,https://www.dictionary.com/browse/quantum-system
quantum teleportation,https://www.dictionary.com/browse/quantum-teleportation
quantum theory,https://www.dictionary.com/browse/quantum-theory
quantum tunneling,https://www.dictionary.com/browse/quantum-tunneling
Quantz,https://www.dictionary.com/browse/quantz
Quanzhou,https://www.dictionary.com/browse/quanzhou
Quao,https://www.dictionary.com/browse/quao
Quaoar,https://www.dictionary.com/browse/quaoar
Quapaw,https://www.dictionary.com/browse/quapaw
Qu'Appelle,https://www.dictionary.com/browse/qu-appelle
quaquaversal,https://www.dictionary.com/browse/quaquaversal
quar.,https://www.dictionary.com/browse/quar
quarantine,https://www.dictionary.com/browse/quarantine
quarantine anchorage,https://www.dictionary.com/browse/quarantine-anchorage
quarantine flag,https://www.dictionary.com/browse/quarantine-flag
quare,https://www.dictionary.com/browse/quare
quark,https://www.dictionary.com/browse/quark
quark model,https://www.dictionary.com/browse/quark-model
quarkonium,https://www.dictionary.com/browse/quarkonium
quarks,https://www.dictionary.com/browse/quarks
quark star,https://www.dictionary.com/browse/quark-star
Quarles,https://www.dictionary.com/browse/quarles
Quarnero,https://www.dictionary.com/browse/quarnero
quarrel,https://www.dictionary.com/browse/quarrel
quarrelsome,https://www.dictionary.com/browse/quarrelsome
quarrian,https://www.dictionary.com/browse/quarrian
quarrier,https://www.dictionary.com/browse/quarrier
quarry,https://www.dictionary.com/browse/quarry
quarry-faced,https://www.dictionary.com/browse/quarry-faced
quarryman,https://www.dictionary.com/browse/quarryman
quarry tile,https://www.dictionary.com/browse/quarry-tile
quart,https://www.dictionary.com/browse/quart
quartan,https://www.dictionary.com/browse/quartan
quartan malaria,https://www.dictionary.com/browse/quartan-malaria
quarte,https://www.dictionary.com/browse/quarte
quarter,https://www.dictionary.com/browse/quarter
quarterage,https://www.dictionary.com/browse/quarterage
quarterback,https://www.dictionary.com/browse/quarterback
quarterback sneak,https://www.dictionary.com/browse/quarterback-sneak
quarter bar,https://www.dictionary.com/browse/quarter-bar
quarter bend,https://www.dictionary.com/browse/quarter-bend
quarter binding,https://www.dictionary.com/browse/quarter-binding
quarter blanket,https://www.dictionary.com/browse/quarter-blanket
quarter-bound,https://www.dictionary.com/browse/quarter-bound
quarter-breed,https://www.dictionary.com/browse/quarter-breed
quarter crack,https://www.dictionary.com/browse/quarter-crack
quarter day,https://www.dictionary.com/browse/quarter-day
quarterdeck,https://www.dictionary.com/browse/quarterdeck
quarter dollar,https://www.dictionary.com/browse/quarter-dollar
quarter eagle,https://www.dictionary.com/browse/quarter-eagle
quartered,https://www.dictionary.com/browse/quartered
quarterfinal,https://www.dictionary.com/browse/quarterfinal
quarterfinalist,https://www.dictionary.com/browse/quarterfinalist
quarter grain,https://www.dictionary.com/browse/quarter-grain
quarter hollow,https://www.dictionary.com/browse/quarter-hollow
quarter-hoop,https://www.dictionary.com/browse/quarter-hoop
quarter horse,https://www.dictionary.com/browse/quarter-horse
quarter-hour,https://www.dictionary.com/browse/quarter-hour
quartering,https://www.dictionary.com/browse/quartering
quarterlife crisis,https://www.dictionary.com/browse/quarterlife-crisis
quarterlight,https://www.dictionary.com/browse/quarterlight
quarterly,https://www.dictionary.com/browse/quarterly
quartermaster,https://www.dictionary.com/browse/quartermaster
Quartermaster Corps,https://www.dictionary.com/browse/quartermaster-corps
quartermaster general,https://www.dictionary.com/browse/quartermaster-general
quarter-miler,https://www.dictionary.com/browse/quarter-miler
quartern,https://www.dictionary.com/browse/quartern
quarter nelson,https://www.dictionary.com/browse/quarter-nelson
quarter note,https://www.dictionary.com/browse/quarter-note
quarter-phase,https://www.dictionary.com/browse/quarter-phase
quarter plate,https://www.dictionary.com/browse/quarter-plate
quarter point,https://www.dictionary.com/browse/quarter-point
quarter rest,https://www.dictionary.com/browse/quarter-rest
quarter round,https://www.dictionary.com/browse/quarter-round
quarters,https://www.dictionary.com/browse/quarters
quartersaw,https://www.dictionary.com/browse/quartersaw
quarter section,https://www.dictionary.com/browse/quarter-section
quarter sessions,https://www.dictionary.com/browse/quarter-sessions
quarterstaff,https://www.dictionary.com/browse/quarterstaff
quarter tone,https://www.dictionary.com/browse/quarter-tone
quarter-wave plate,https://www.dictionary.com/browse/quarter-wave-plate
quartet,https://www.dictionary.com/browse/quartet
quartic,https://www.dictionary.com/browse/quartic
quartile,https://www.dictionary.com/browse/quartile
quarto,https://www.dictionary.com/browse/quarto
quartz,https://www.dictionary.com/browse/quartz
quartz clock,https://www.dictionary.com/browse/quartz--clock
quartz crystal,https://www.dictionary.com/browse/quartz-crystal
quartz glass,https://www.dictionary.com/browse/quartz-glass
quartziferous,https://www.dictionary.com/browse/quartziferous
quartz-iodine lamp,https://www.dictionary.com/browse/quartz-iodine-lamp
quartzite,https://www.dictionary.com/browse/quartzite
quartz lamp,https://www.dictionary.com/browse/quartz-lamp
quartz movement,https://www.dictionary.com/browse/quartz-movement
quartz plate,https://www.dictionary.com/browse/quartz-plate
quasar,https://www.dictionary.com/browse/quasar
quasars,https://www.dictionary.com/browse/quasars
quash,https://www.dictionary.com/browse/quash
Quasheba,https://www.dictionary.com/browse/quasheba
Quashee,https://www.dictionary.com/browse/quashee
Quashi,https://www.dictionary.com/browse/quashi
quasi,https://www.dictionary.com/browse/quasi
quasi contract,https://www.dictionary.com/browse/quasi-contract
quasicrystal,https://www.dictionary.com/browse/quasicrystal
quasidominance,https://www.dictionary.com/browse/quasidominance
quasi-judicial,https://www.dictionary.com/browse/quasi-judicial
Quasimodo,https://www.dictionary.com/browse/quasimodo
quasiparticle,https://www.dictionary.com/browse/quasiparticle
quasi-quotation,https://www.dictionary.com/browse/quasi-quotation
quasi-stellar object,https://www.dictionary.com/browse/quasi-stellar-object
quasi-stellar radio source,https://www.dictionary.com/browse/quasi-stellar-radio-source
quasquicentennial,https://www.dictionary.com/browse/quasquicentennial
quass,https://www.dictionary.com/browse/quass
quassia,https://www.dictionary.com/browse/quassia
quassia family,https://www.dictionary.com/browse/quassia-family
quat.,https://www.dictionary.com/browse/quat
quater,https://www.dictionary.com/browse/quater
quatercentenary,https://www.dictionary.com/browse/quatercentenary
quatercentennial,https://www.dictionary.com/browse/quatercentennial
quaternary,https://www.dictionary.com/browse/quaternary
quaternary ammonium compound,https://www.dictionary.com/browse/quaternary-ammonium-compound
quaternary structure,https://www.dictionary.com/browse/quaternary-structure
quaternate,https://www.dictionary.com/browse/quaternate
quaternion,https://www.dictionary.com/browse/quaternion
quaternity,https://www.dictionary.com/browse/quaternity
Quathlamba,https://www.dictionary.com/browse/quathlamba
quatorze,https://www.dictionary.com/browse/quatorze
quatrain,https://www.dictionary.com/browse/quatrain
quatre,https://www.dictionary.com/browse/quatre
Quatre Bras,https://www.dictionary.com/browse/quatre-bras
quatrefoil,https://www.dictionary.com/browse/quatrefoil
quattrocento,https://www.dictionary.com/browse/quattrocento
quattuordecillion,https://www.dictionary.com/browse/quattuordecillion
quaver,https://www.dictionary.com/browse/quaver
quay,https://www.dictionary.com/browse/quay
quayage,https://www.dictionary.com/browse/quayage
Quayle,https://www.dictionary.com/browse/quayle
quayside,https://www.dictionary.com/browse/quayside
quazzy,https://www.dictionary.com/browse/quazzy
qubba,https://www.dictionary.com/browse/qubba
qubit,https://www.dictionary.com/browse/qubit
qubyte,https://www.dictionary.com/browse/qubyte
'que,https://www.dictionary.com/browse/que
quean,https://www.dictionary.com/browse/quean
queasy,https://www.dictionary.com/browse/queasy
Quebec,https://www.dictionary.com/browse/quebec
Quebec City,https://www.dictionary.com/browse/quebec-city
Quebecer,https://www.dictionary.com/browse/quebecer
Quebecker,https://www.dictionary.com/browse/quebecker
Québecois,https://www.dictionary.com/browse/quebecois
quebracho,https://www.dictionary.com/browse/quebracho
quebrada,https://www.dictionary.com/browse/quebrada
Quechan,https://www.dictionary.com/browse/quechan
Quechua,https://www.dictionary.com/browse/quechua
Quechuan,https://www.dictionary.com/browse/quechuan
Queckenstedt-Stookey test,https://www.dictionary.com/browse/queckenstedt-stookey-test
queef,https://www.dictionary.com/browse/queef
queen,https://www.dictionary.com/browse/queen
Queen Anne,https://www.dictionary.com/browse/queen-anne
Queen Anne's Bounty,https://www.dictionary.com/browse/queen-anne-s-bounty
Queen Anne's lace,https://www.dictionary.com/browse/queen-anne-s-lace
Queen Anne's War,https://www.dictionary.com/browse/queen-anne-s-war
queen bee,https://www.dictionary.com/browse/queen-bee
Queenborough in Sheppey,https://www.dictionary.com/browse/queenborough-in-sheppey
queencake,https://www.dictionary.com/browse/queencake
Queen Charlotte Islands,https://www.dictionary.com/browse/queen-charlotte-islands
Queen City,https://www.dictionary.com/browse/queen-city
queen closer,https://www.dictionary.com/browse/queen-closer
queen consort,https://www.dictionary.com/browse/queen-consort
queen-cup,https://www.dictionary.com/browse/queen-cup
queendom,https://www.dictionary.com/browse/queendom
queen dowager,https://www.dictionary.com/browse/queen-dowager
Queen Elizabeth Islands,https://www.dictionary.com/browse/queen-elizabeth-islands
queenfish,https://www.dictionary.com/browse/queenfish
queenhood,https://www.dictionary.com/browse/queenhood
Queenie,https://www.dictionary.com/browse/queenie
queening,https://www.dictionary.com/browse/queening
queen it,https://www.dictionary.com/browse/queen--it
queenly,https://www.dictionary.com/browse/queenly
Queen Mab,https://www.dictionary.com/browse/queen-mab
Queen Maud Land,https://www.dictionary.com/browse/queen-maud-land
Queen Maud Range,https://www.dictionary.com/browse/queen-maud-range
queen mother,https://www.dictionary.com/browse/queen-mother
Queen of Heaven,https://www.dictionary.com/browse/queen-of-heaven
queen of puddings,https://www.dictionary.com/browse/queen-of-puddings
queen of the prairie,https://www.dictionary.com/browse/queen-of-the-prairie
queen olive,https://www.dictionary.com/browse/queen-olive
queen palm,https://www.dictionary.com/browse/queen-palm
queen post,https://www.dictionary.com/browse/queen-post
queen regent,https://www.dictionary.com/browse/queen-regent
queen regnant,https://www.dictionary.com/browse/queen-regnant
Queens,https://www.dictionary.com/browse/queens
Queen's Award,https://www.dictionary.com/browse/queen-s-award
Queen's Bench Division,https://www.dictionary.com/browse/queen-s-bench-division
Queensberry,https://www.dictionary.com/browse/queensberry
Queensberry rules,https://www.dictionary.com/browse/queensberry--rules
queen's bounty,https://www.dictionary.com/browse/queen-s-bounty
Queen's Counsel,https://www.dictionary.com/browse/queen-s-counsel
Queen's County,https://www.dictionary.com/browse/queen-s-county
queen's English,https://www.dictionary.com/browse/queen-s-english
queen's evidence,https://www.dictionary.com/browse/queen-s-evidence
Queen's Guide,https://www.dictionary.com/browse/queen-s-guide
queen's highway,https://www.dictionary.com/browse/queen-s-highway
queenship,https://www.dictionary.com/browse/queenship
Queen's House,https://www.dictionary.com/browse/queen-s-house
queenside,https://www.dictionary.com/browse/queenside
queen-size,https://www.dictionary.com/browse/queen-size
Queensland,https://www.dictionary.com/browse/queensland
Queensland arrowroot,https://www.dictionary.com/browse/queensland--arrowroot
Queensland blue,https://www.dictionary.com/browse/queensland-blue
Queensland cane toad,https://www.dictionary.com/browse/queensland-cane-toad
Queenslander,https://www.dictionary.com/browse/queenslander
Queensland lungfish,https://www.dictionary.com/browse/queensland-lungfish
Queensland nut,https://www.dictionary.com/browse/queensland-nut
Queen's pattern,https://www.dictionary.com/browse/queen-s-pattern
queen's-pawn openings,https://www.dictionary.com/browse/queen-s-pawn-openings
Queen's proctor,https://www.dictionary.com/browse/queen-s-proctor
Queen's Regulations,https://www.dictionary.com/browse/queen-s-regulations
queen's scout,https://www.dictionary.com/browse/queen-s-scout
queen's shilling,https://www.dictionary.com/browse/queen-s-shilling
Queen's speech,https://www.dictionary.com/browse/queen-s-speech
Queenstown,https://www.dictionary.com/browse/queenstown
Queen Street Farmer,https://www.dictionary.com/browse/queen-street-farmer
queen substance,https://www.dictionary.com/browse/queen-substance
queen's ware,https://www.dictionary.com/browse/queen-s-ware
queen truss,https://www.dictionary.com/browse/queen-truss
queer,https://www.dictionary.com/browse/queer
queer-bashing,https://www.dictionary.com/browse/queer-bashing
queer fish,https://www.dictionary.com/browse/queer-fish
queersplain,https://www.dictionary.com/browse/queersplain
Queer Street,https://www.dictionary.com/browse/queer-street
quelea,https://www.dictionary.com/browse/quelea
Quelimane,https://www.dictionary.com/browse/quelimane
quell,https://www.dictionary.com/browse/quell
quellung reaction,https://www.dictionary.com/browse/quellung-reaction
Quelpart,https://www.dictionary.com/browse/quelpart
quelque-chose,https://www.dictionary.com/browse/quelque-chose
Quemoy,https://www.dictionary.com/browse/quemoy
quena,https://www.dictionary.com/browse/quena
quench,https://www.dictionary.com/browse/quench
quenching,https://www.dictionary.com/browse/quenching
quenchless,https://www.dictionary.com/browse/quenchless
Queneau,https://www.dictionary.com/browse/queneau
quenelle,https://www.dictionary.com/browse/quenelle
Quentin,https://www.dictionary.com/browse/quentin
quercetin,https://www.dictionary.com/browse/quercetin
Quercia,https://www.dictionary.com/browse/quercia
quercine,https://www.dictionary.com/browse/quercine
quercitannic acid,https://www.dictionary.com/browse/quercitannic-acid
quercitol,https://www.dictionary.com/browse/quercitol
quercitron,https://www.dictionary.com/browse/quercitron
Querétaro,https://www.dictionary.com/browse/queretaro
queries,https://www.dictionary.com/browse/queries
querist,https://www.dictionary.com/browse/querist
quern,https://www.dictionary.com/browse/quern
quernstone,https://www.dictionary.com/browse/quernstone
quersprung,https://www.dictionary.com/browse/quersprung
querulous,https://www.dictionary.com/browse/querulous
query,https://www.dictionary.com/browse/query
query language,https://www.dictionary.com/browse/query-language
ques.,https://www.dictionary.com/browse/ques
quesadilla,https://www.dictionary.com/browse/quesadilla
"qué será, será",https://www.dictionary.com/browse/que-sera--sera
Quesnay,https://www.dictionary.com/browse/quesnay
queso,https://www.dictionary.com/browse/queso
quest,https://www.dictionary.com/browse/quest
question,https://www.dictionary.com/browse/question
questionable,https://www.dictionary.com/browse/questionable
questionary,https://www.dictionary.com/browse/questionary
questioning,https://www.dictionary.com/browse/questioning
questionless,https://www.dictionary.com/browse/questionless
question mark,https://www.dictionary.com/browse/question-mark
questionmaster,https://www.dictionary.com/browse/questionmaster
questionnaire,https://www.dictionary.com/browse/questionnaire
question of fact,https://www.dictionary.com/browse/question-of-fact
question of law,https://www.dictionary.com/browse/question-of-law
Question Period,https://www.dictionary.com/browse/question-period
question time,https://www.dictionary.com/browse/question-time
questor,https://www.dictionary.com/browse/questor
Questran,https://www.dictionary.com/browse/questran
quetiapine fumarate,https://www.dictionary.com/browse/quetiapine-fumarate
quetsch,https://www.dictionary.com/browse/quetsch
Quetta,https://www.dictionary.com/browse/quetta
quetzal,https://www.dictionary.com/browse/quetzal
Quetzalcoatl,https://www.dictionary.com/browse/quetzalcoatl
Quetzaltenango,https://www.dictionary.com/browse/quetzaltenango
queue,https://www.dictionary.com/browse/queue
queue fourché,https://www.dictionary.com/browse/queue-fourche
queue-jump,https://www.dictionary.com/browse/queue-jump
queuing theory,https://www.dictionary.com/browse/queuing-theory
Quevedo y Villegas,https://www.dictionary.com/browse/quevedo-y-villegas
quey,https://www.dictionary.com/browse/quey
Quezon City,https://www.dictionary.com/browse/quezon-city
Quezon y Molina,https://www.dictionary.com/browse/quezon-y-molina
quibble,https://www.dictionary.com/browse/quibble
quibbling,https://www.dictionary.com/browse/quibbling
Quibdó,https://www.dictionary.com/browse/quibdo
Quiberon,https://www.dictionary.com/browse/quiberon
quiche,https://www.dictionary.com/browse/quiche
quiche Lorraine,https://www.dictionary.com/browse/quiche-lorraine
Quichua,https://www.dictionary.com/browse/quichua
quick,https://www.dictionary.com/browse/quick
quick-and-dirty,https://www.dictionary.com/browse/quick-and-dirty
quick and the dead,https://www.dictionary.com/browse/quick-and-the-dead
quick as a wink,https://www.dictionary.com/browse/quick-as-a-wink
quick assets,https://www.dictionary.com/browse/quick-assets
quick bread,https://www.dictionary.com/browse/quick-bread
quick-change artist,https://www.dictionary.com/browse/quick-change-artist
quick-cure resin,https://www.dictionary.com/browse/quick-cure-resin
quick draw,https://www.dictionary.com/browse/quick-draw
quicken,https://www.dictionary.com/browse/quicken
quickening,https://www.dictionary.com/browse/quickening
quicker than you can say Jack Robinson,https://www.dictionary.com/browse/quicker-than-you-can-say-jack-robinson
quick fire,https://www.dictionary.com/browse/quick-fire
quick fix,https://www.dictionary.com/browse/quick-fix
quick-freeze,https://www.dictionary.com/browse/quick-freeze
quick grass,https://www.dictionary.com/browse/quick-grass
quickhatch,https://www.dictionary.com/browse/quickhatch
quickie,https://www.dictionary.com/browse/quickie
quick kick,https://www.dictionary.com/browse/quick-kick
quicklime,https://www.dictionary.com/browse/quicklime
quickly,https://www.dictionary.com/browse/quickly
quick march,https://www.dictionary.com/browse/quick-march
quick off the mark,https://www.dictionary.com/browse/quick-off-the-mark
quick on the draw,https://www.dictionary.com/browse/quick-on-the-draw
quick on the uptake,https://www.dictionary.com/browse/quick-on-the-uptake
quick response,https://www.dictionary.com/browse/quick-response
quicksand,https://www.dictionary.com/browse/quicksand
quickset,https://www.dictionary.com/browse/quickset
quick-setting,https://www.dictionary.com/browse/quick-setting
quicksilver,https://www.dictionary.com/browse/quicksilver
quickstep,https://www.dictionary.com/browse/quickstep
Quick's test,https://www.dictionary.com/browse/quick-s-test
quick study,https://www.dictionary.com/browse/quick-study
quick-tempered,https://www.dictionary.com/browse/quick-tempered
quickthorn,https://www.dictionary.com/browse/quickthorn
quick time,https://www.dictionary.com/browse/quick-time
quick trick,https://www.dictionary.com/browse/quick-trick
quickwater,https://www.dictionary.com/browse/quickwater
quick-witted,https://www.dictionary.com/browse/quick-witted
quid,https://www.dictionary.com/browse/quid
Quidde,https://www.dictionary.com/browse/quidde
quidditch,https://www.dictionary.com/browse/quidditch
quiddity,https://www.dictionary.com/browse/quiddity
quidnunc,https://www.dictionary.com/browse/quidnunc
quid pro quo,https://www.dictionary.com/browse/quid-pro-quo
quiescent,https://www.dictionary.com/browse/quiescent
quiescent tank,https://www.dictionary.com/browse/quiescent-tank
quiet,https://www.dictionary.com/browse/quiet
quiet as a mouse,https://www.dictionary.com/browse/quiet-as-a-mouse
quieten,https://www.dictionary.com/browse/quieten
quietism,https://www.dictionary.com/browse/quietism
quiet lung,https://www.dictionary.com/browse/quiet-lung
quietly,https://www.dictionary.com/browse/quietly
Quiet Revolution,https://www.dictionary.com/browse/quiet-revolution
quiet sun,https://www.dictionary.com/browse/quiet-sun
quietude,https://www.dictionary.com/browse/quietude
quietus,https://www.dictionary.com/browse/quietus
quiff,https://www.dictionary.com/browse/quiff
quill,https://www.dictionary.com/browse/quill
quillai,https://www.dictionary.com/browse/quillai
quillai bark,https://www.dictionary.com/browse/quillai-bark
quillback,https://www.dictionary.com/browse/quillback
quill driver,https://www.dictionary.com/browse/quill-driver
quilled,https://www.dictionary.com/browse/quilled
quiller,https://www.dictionary.com/browse/quiller
Quiller-Couch,https://www.dictionary.com/browse/quiller-couch
quillet,https://www.dictionary.com/browse/quillet
quillfish,https://www.dictionary.com/browse/quillfish
quilling,https://www.dictionary.com/browse/quilling
quillon,https://www.dictionary.com/browse/quillon
quill pen,https://www.dictionary.com/browse/quill-pen
quillwork,https://www.dictionary.com/browse/quillwork
quillwort,https://www.dictionary.com/browse/quillwort
Quilmes,https://www.dictionary.com/browse/quilmes
quilt,https://www.dictionary.com/browse/quilt
quilted,https://www.dictionary.com/browse/quilted
quilting,https://www.dictionary.com/browse/quilting
quilting bee,https://www.dictionary.com/browse/quilting-bee
quim,https://www.dictionary.com/browse/quim
Quimper,https://www.dictionary.com/browse/quimper
quin-,https://www.dictionary.com/browse/quin
quinacrine,https://www.dictionary.com/browse/quinacrine
quinacrine hydrochloride,https://www.dictionary.com/browse/quinacrine-hydrochloride
Quinaglute,https://www.dictionary.com/browse/quinaglute
quinalizarin,https://www.dictionary.com/browse/quinalizarin
quinapril hydrochloride,https://www.dictionary.com/browse/quinapril-hydrochloride
quinarius,https://www.dictionary.com/browse/quinarius
quinary,https://www.dictionary.com/browse/quinary
quinate,https://www.dictionary.com/browse/quinate
quinazoline,https://www.dictionary.com/browse/quinazoline
quince,https://www.dictionary.com/browse/quince
quinceañera,https://www.dictionary.com/browse/quinceanera
quincentenary,https://www.dictionary.com/browse/quincentenary
quincentennial,https://www.dictionary.com/browse/quincentennial
Quincke's disease,https://www.dictionary.com/browse/quincke-s-disease
Quincke's pulse,https://www.dictionary.com/browse/quincke-s-pulse
quincuncial,https://www.dictionary.com/browse/quincuncial
quincunx,https://www.dictionary.com/browse/quincunx
Quincy,https://www.dictionary.com/browse/quincy
quindecagon,https://www.dictionary.com/browse/quindecagon
quindecaplet,https://www.dictionary.com/browse/quindecaplet
quindecennial,https://www.dictionary.com/browse/quindecennial
quindecillion,https://www.dictionary.com/browse/quindecillion
Quine,https://www.dictionary.com/browse/quine
quinella,https://www.dictionary.com/browse/quinella
quinestrol,https://www.dictionary.com/browse/quinestrol
Qui Nhon,https://www.dictionary.com/browse/qui-nhon
Qui Nhong,https://www.dictionary.com/browse/qui-nhong
quinhydrone,https://www.dictionary.com/browse/quinhydrone
quinic acid,https://www.dictionary.com/browse/quinic-acid
quinidine,https://www.dictionary.com/browse/quinidine
quiniela,https://www.dictionary.com/browse/quiniela
quinine,https://www.dictionary.com/browse/quinine
quinine water,https://www.dictionary.com/browse/quinine-water
Quinn,https://www.dictionary.com/browse/quinn
quinnat salmon,https://www.dictionary.com/browse/quinnat-salmon
quino-,https://www.dictionary.com/browse/quino-
quinoa,https://www.dictionary.com/browse/quinoa
quinoid,https://www.dictionary.com/browse/quinoid
quinoidine,https://www.dictionary.com/browse/quinoidine
quinol,https://www.dictionary.com/browse/quinol
quinoline,https://www.dictionary.com/browse/quinoline
quinolone,https://www.dictionary.com/browse/quinolone
quinone,https://www.dictionary.com/browse/quinone
quinone diimine,https://www.dictionary.com/browse/quinone-diimine
quinonimine,https://www.dictionary.com/browse/quinonimine
quinonoid,https://www.dictionary.com/browse/quinonoid
quinoxaline,https://www.dictionary.com/browse/quinoxaline
quinq.,https://www.dictionary.com/browse/quinq
quinquagenarian,https://www.dictionary.com/browse/quinquagenarian
quinquagenary,https://www.dictionary.com/browse/quinquagenary
Quinquagesima,https://www.dictionary.com/browse/quinquagesima
quinque-,https://www.dictionary.com/browse/quinque
quinquecentenary,https://www.dictionary.com/browse/quinquecentenary
quinquefid,https://www.dictionary.com/browse/quinquefid
quinquefoil,https://www.dictionary.com/browse/quinquefoil
quinquefoliate,https://www.dictionary.com/browse/quinquefoliate
quinquennial,https://www.dictionary.com/browse/quinquennial
quinquennium,https://www.dictionary.com/browse/quinquennium
quinquepartite,https://www.dictionary.com/browse/quinquepartite
quinquereme,https://www.dictionary.com/browse/quinquereme
quinquevalent,https://www.dictionary.com/browse/quinquevalent
quinsy,https://www.dictionary.com/browse/quinsy
quint,https://www.dictionary.com/browse/quint
quinta,https://www.dictionary.com/browse/quinta
quintain,https://www.dictionary.com/browse/quintain
quintal,https://www.dictionary.com/browse/quintal
quintan,https://www.dictionary.com/browse/quintan
Quintana Roo,https://www.dictionary.com/browse/quintana-roo
quintant,https://www.dictionary.com/browse/quintant
quinte,https://www.dictionary.com/browse/quinte
quintefoil,https://www.dictionary.com/browse/quintefoil
quinternion,https://www.dictionary.com/browse/quinternion
Quintero,https://www.dictionary.com/browse/quintero
quintessence,https://www.dictionary.com/browse/quintessence
quintessential,https://www.dictionary.com/browse/quintessential
quintet,https://www.dictionary.com/browse/quintet
quintic,https://www.dictionary.com/browse/quintic
quintile,https://www.dictionary.com/browse/quintile
Quintilian,https://www.dictionary.com/browse/quintilian
quintillion,https://www.dictionary.com/browse/quintillion
quintuple,https://www.dictionary.com/browse/quintuple
quintuplet,https://www.dictionary.com/browse/quintuplet
quintuplex,https://www.dictionary.com/browse/quintuplex
quintuplicate,https://www.dictionary.com/browse/quintuplicate
quinze,https://www.dictionary.com/browse/quinze
quip,https://www.dictionary.com/browse/quip
quipster,https://www.dictionary.com/browse/quipster
quipu,https://www.dictionary.com/browse/quipu
quire,https://www.dictionary.com/browse/quire
Quirinal,https://www.dictionary.com/browse/quirinal
Quirinus,https://www.dictionary.com/browse/quirinus
Quirites,https://www.dictionary.com/browse/quirites
quirk,https://www.dictionary.com/browse/quirk
quirky,https://www.dictionary.com/browse/quirky
quirt,https://www.dictionary.com/browse/quirt
quis custodiet ipsos custodes?,https://www.dictionary.com/browse/quis-custodiet-ipsos-custodes
quisling,https://www.dictionary.com/browse/quisling
"Quisling, Vidkun",https://www.dictionary.com/browse/quisling--vidkun
quis separabit?,https://www.dictionary.com/browse/quis-separabit
quist,https://www.dictionary.com/browse/quist
quit,https://www.dictionary.com/browse/quit
quitch,https://www.dictionary.com/browse/quitch
quitch grass,https://www.dictionary.com/browse/quitch--grass
quitclaim,https://www.dictionary.com/browse/quitclaim
quitclaim deed,https://www.dictionary.com/browse/quitclaim-deed
quite,https://www.dictionary.com/browse/quite
quite a bit,https://www.dictionary.com/browse/quite--a--bit
Quito,https://www.dictionary.com/browse/quito
qui transtulit sustinet,https://www.dictionary.com/browse/qui-transtulit-sustinet
quitrent,https://www.dictionary.com/browse/quitrent
quits,https://www.dictionary.com/browse/quits
quittance,https://www.dictionary.com/browse/quittance
quitted trick,https://www.dictionary.com/browse/quitted-trick
quitter,https://www.dictionary.com/browse/quitter
quittor,https://www.dictionary.com/browse/quittor
quit while one's ahead,https://www.dictionary.com/browse/quit-while-one-s-ahead
quiver,https://www.dictionary.com/browse/quiver
quiverful,https://www.dictionary.com/browse/quiverful
quiver leg,https://www.dictionary.com/browse/quiver-leg
qui vive,https://www.dictionary.com/browse/qui-vive
Quixote,https://www.dictionary.com/browse/quixote
quixotic,https://www.dictionary.com/browse/quixotic
quixotism,https://www.dictionary.com/browse/quixotism
quiz,https://www.dictionary.com/browse/quiz
quiz kid,https://www.dictionary.com/browse/quiz-kid
quizmaster,https://www.dictionary.com/browse/quizmaster
quiz program,https://www.dictionary.com/browse/quiz-program
quizzical,https://www.dictionary.com/browse/quizzical
Qum,https://www.dictionary.com/browse/qum
Qumran,https://www.dictionary.com/browse/qumran
Qungur,https://www.dictionary.com/browse/qungur
quoad hoc,https://www.dictionary.com/browse/quoad-hoc
quo animo?,https://www.dictionary.com/browse/quo-animo
quod,https://www.dictionary.com/browse/quod
quod erat demonstrandum,https://www.dictionary.com/browse/quod-erat-demonstrandum
quod erat faciendum,https://www.dictionary.com/browse/quod-erat-faciendum
quodlibet,https://www.dictionary.com/browse/quodlibet
quod vide,https://www.dictionary.com/browse/quod-vide
quoin,https://www.dictionary.com/browse/quoin
quoin post,https://www.dictionary.com/browse/quoin-post
quoit,https://www.dictionary.com/browse/quoit
quoits,https://www.dictionary.com/browse/quoits
quo jure?,https://www.dictionary.com/browse/quo-jure
quokka,https://www.dictionary.com/browse/quokka
quoll,https://www.dictionary.com/browse/quoll
quondam,https://www.dictionary.com/browse/quondam
Quonset hut,https://www.dictionary.com/browse/quonset-hut
quor.,https://www.dictionary.com/browse/quor
quorate,https://www.dictionary.com/browse/quorate
Quorn,https://www.dictionary.com/browse/quorn
quorum,https://www.dictionary.com/browse/quorum
quorum sensing,https://www.dictionary.com/browse/quorum-sensing
quot.,https://www.dictionary.com/browse/quot
quota,https://www.dictionary.com/browse/quota
quotable,https://www.dictionary.com/browse/quotable
quota-hopping,https://www.dictionary.com/browse/quota-hopping
quota sampling,https://www.dictionary.com/browse/quota-sampling
quota system,https://www.dictionary.com/browse/quota-system
quotation,https://www.dictionary.com/browse/quotation
quotation mark,https://www.dictionary.com/browse/quotation-mark
quotation marks,https://www.dictionary.com/browse/quotation--marks
quote,https://www.dictionary.com/browse/quote
quoted company,https://www.dictionary.com/browse/quoted-company
quote-driven,https://www.dictionary.com/browse/quote-driven
quote-unquote,https://www.dictionary.com/browse/quote-unquote
quoteworthy,https://www.dictionary.com/browse/quoteworthy
quoth,https://www.dictionary.com/browse/quoth
quotha,https://www.dictionary.com/browse/quotha
quotid.,https://www.dictionary.com/browse/quotid
quotidian,https://www.dictionary.com/browse/quotidian
quotient,https://www.dictionary.com/browse/quotient
quotient group,https://www.dictionary.com/browse/quotient-group
quotient ring,https://www.dictionary.com/browse/quotient-ring
quotient space,https://www.dictionary.com/browse/quotient-space
quo vadis,https://www.dictionary.com/browse/quo-vadis
quo warranto,https://www.dictionary.com/browse/quo-warranto
Qu Qiu Bai,https://www.dictionary.com/browse/qu-qiu-bai
Qurʾan,https://www.dictionary.com/browse/quran
Qurnet es Sauda,https://www.dictionary.com/browse/qurnet-es-sauda
qursh,https://www.dictionary.com/browse/qursh
qurush,https://www.dictionary.com/browse/qurush
Qutb,https://www.dictionary.com/browse/qutb
q.v.,https://www.dictionary.com/browse/q-v
Qwaqwa,https://www.dictionary.com/browse/qwaqwa
Q wave,https://www.dictionary.com/browse/q-wave
QWERTY,https://www.dictionary.com/browse/qwerty
Qy.,https://www.dictionary.com/browse/qy
democratic,https://www.dictionary.com/browse/quasi-democratic
permanent,https://www.dictionary.com/browse/quasi-permanent
QB,https://www.dictionary.com/browse/q-b-
ql.,https://www.dictionary.com/browse/ql-
qt.,https://www.dictionary.com/browse/qt-
Q,https://www.dictionary.com/browse/q-
QM,https://www.dictionary.com/browse/q-m-
qq. v.,https://www.dictionary.com/browse/qq--v-
qq. v.,https://www.dictionary.com/browse/qqv
QN,https://www.dictionary.com/browse/q-n-
QR,https://www.dictionary.com/browse/qr-
Q-factor,https://www.dictionary.com/browse/q--factor
QE,https://www.dictionary.com/browse/q-e-
qi,https://www.dictionary.com/browse/qis
QED,https://www.dictionary.com/browse/q-e-d-
Qing Hai,https://www.dictionary.com/browse/qinghai
QP,https://www.dictionary.com/browse/q-p-
quad,https://www.dictionary.com/browse/quad-
quantitative,https://www.dictionary.com/browse/quantitatively
quantitative,https://www.dictionary.com/browse/quantitive
quart,https://www.dictionary.com/browse/quart-
quick march,https://www.dictionary.com/browse/quick--march
quote,https://www.dictionary.com/browse/quoting
quote,https://www.dictionary.com/browse/quoted
quote,https://www.dictionary.com/browse/quoter
Qurʾan,https://www.dictionary.com/browse/qur--an
quarry,https://www.dictionary.com/browse/quarried
quarry,https://www.dictionary.com/browse/quarries
quasi,https://www.dictionary.com/browse/quasi-
quin-,https://www.dictionary.com/browse/quin-
quarrel,https://www.dictionary.com/browse/quarreling
quarrel,https://www.dictionary.com/browse/quarrelling
'que,https://www.dictionary.com/browse/que-
queen's ware,https://www.dictionary.com/browse/queensware
questionmaster,https://www.dictionary.com/browse/question--master
quizzical,https://www.dictionary.com/browse/quizzically
quack,https://www.dictionary.com/browse/quacker
Québecois,https://www.dictionary.com/browse/quebecois-
queer,https://www.dictionary.com/browse/queerness
queer,https://www.dictionary.com/browse/queering
quelque-chose,https://www.dictionary.com/browse/quelquechose
quitrent,https://www.dictionary.com/browse/quit-rent
quiver,https://www.dictionary.com/browse/quivering
quiver,https://www.dictionary.com/browse/quivered
quaff,https://www.dictionary.com/browse/quaffed
quaff,https://www.dictionary.com/browse/quaffing
quale,https://www.dictionary.com/browse/qualia
quell,https://www.dictionary.com/browse/quelling
quibble,https://www.dictionary.com/browse/quibbler
quadruple,https://www.dictionary.com/browse/quadrupled
quit,https://www.dictionary.com/browse/quitted
quit,https://www.dictionary.com/browse/quitting
quiz,https://www.dictionary.com/browse/quizzes
quiz,https://www.dictionary.com/browse/quizzer
Quonset hut,https://www.dictionary.com/browse/quonset
quadruped,https://www.dictionary.com/browse/quadrupedal
quantify,https://www.dictionary.com/browse/quantification
quantify,https://www.dictionary.com/browse/quantifying
quantify,https://www.dictionary.com/browse/quantifies
queue,https://www.dictionary.com/browse/queuing
queue,https://www.dictionary.com/browse/queued
quiet,https://www.dictionary.com/browse/quieter
quiet,https://www.dictionary.com/browse/quietest
quiet,https://www.dictionary.com/browse/quietness
quiet,https://www.dictionary.com/browse/quiets
qualitative,https://www.dictionary.com/browse/qualitatively
quaver,https://www.dictionary.com/browse/quavering
quaver,https://www.dictionary.com/browse/quavered
quench,https://www.dictionary.com/browse/quenchable
quench,https://www.dictionary.com/browse/quencher
query,https://www.dictionary.com/browse/queried
query,https://www.dictionary.com/browse/querying
quail,https://www.dictionary.com/browse/quailed
Queen Anne,https://www.dictionary.com/browse/queen--anne
quint,https://www.dictionary.com/browse/quints
quint,https://www.dictionary.com/browse/quint-
qualm,https://www.dictionary.com/browse/qualms
quantize,https://www.dictionary.com/browse/quantized
quantize,https://www.dictionary.com/browse/quantised
question,https://www.dictionary.com/browse/questioner
quintessential,https://www.dictionary.com/browse/quintessentially
quire,https://www.dictionary.com/browse/quires
quire,https://www.dictionary.com/browse/quired
quire,https://www.dictionary.com/browse/quiring
quest,https://www.dictionary.com/browse/questing
quest,https://www.dictionary.com/browse/quester
quiescent,https://www.dictionary.com/browse/quiescence
quilt,https://www.dictionary.com/browse/quilter
quoin,https://www.dictionary.com/browse/quoins
quadratic,https://www.dictionary.com/browse/quadratically
quick,https://www.dictionary.com/browse/quicker
quick,https://www.dictionary.com/browse/quickness
quick,https://www.dictionary.com/browse/quickest
quip,https://www.dictionary.com/browse/quips
quip,https://www.dictionary.com/browse/quipped
quip,https://www.dictionary.com/browse/quipping
q.v.,https://www.dictionary.com/browse/qv
querulous,https://www.dictionary.com/browse/querulously
quinque-,https://www.dictionary.com/browse/quinque-
quote-unquote,https://www.dictionary.com/browse/quote--unquote
quaint,https://www.dictionary.com/browse/quaintly
quash,https://www.dictionary.com/browse/quashed
quasi contract,https://www.dictionary.com/browse/quasi--contract
questionable,https://www.dictionary.com/browse/questionably
questionable,https://www.dictionary.com/browse/questionability
quiche,https://www.dictionary.com/browse/quiche-
religious,https://www.dictionary.com/browse/quasi-religious
federal,https://www.dictionary.com/browse/quasi-federal
historical,https://www.dictionary.com/browse/quasi-historical
ad quem,https://www.dictionary.com/browse/quem
quarantine,https://www.dictionary.com/browse/quarantined
quarantine,https://www.dictionary.com/browse/quarantining
immortal,https://www.dictionary.com/browse/quasi-immortal
independent,https://www.dictionary.com/browse/quasi-independent
kat,https://www.dictionary.com/browse/qats
legal,https://www.dictionary.com/browse/quasi-legal
military,https://www.dictionary.com/browse/quasi-military
cuatro,https://www.dictionary.com/browse/quatro
quadra,https://www.dictionary.com/browse/quadra-
quantifiable,https://www.dictionary.com/browse/quantifiably
quantitate,https://www.dictionary.com/browse/quantitation
quickhatch,https://www.dictionary.com/browse/quick-hatch
